listing_id,title,city,state,country,accommodates,bedrooms,bathrooms,beds,property_type,starting_price,rating,review_count,image_url,public_url_en,public_url_es,airbnb_url,booking_url,vrbo_url,expedia_url,marriott_url,google_vacation_rentals_url,channel_links_json,channel_status_json,active_public,sms_text_es
695fd09d1d66b80031baa14e,Amazing Villa~Heated Pool~Pickleball,Miami,Florida,United States of America,12,4,3,5,House,1250 USD,10,11,https://assets.guesty.com/image/upload/t_default_thumb/listing_images_s3/production/property-photos/37f38ed4543ed9919946748b5ae03485608699d9559fd0cc/695fd09d1d66b80031baa14e/9f336d78-6fdd-40-3Z_qv,https://theglamhomes.guestybookings.com/en/properties/695fd09d1d66b80031baa14e?minOccupancy=1,https://theglamhomes.guestybookings.com/es/properties/695fd09d1d66b80031baa14e?minOccupancy=1,https://www.airbnb.com/rooms/1593665770074577134,https://booking.com/hotel/us/amazing-villa-at-highland-lakes-boulevard-by-the-glamhomes.en.html,https://www.vrbo.com/5037679?dateless=true,,,,"{""airbnb2"": ""https://www.airbnb.com/rooms/1593665770074577134"", ""bookingCom"": ""https://booking.com/hotel/us/amazing-villa-at-highland-lakes-boulevard-by-the-glamhomes.en.html"", ""homeaway2"": ""https://www.vrbo.com/5037679?dateless=true""}","{""airbnb2"": ""COMPLETED"", ""bookingCom"": ""COMPLETED"", ""googleVacationRentals"": ""COMPLETED"", ""homeaway2"": ""COMPLETED"", ""homesVillasByMarriott"": ""FAILED"", ""plumGuide"": ""FAILED""}",1,Glam Homes: te comparto la propiedad Amazing Villa~Heated Pool~Pickleball: https://theglamhomes.guestybookings.com/en/properties/695fd09d1d66b80031baa14e?minOccupancy=1
6259cea2a15a9a0031682d9f,Athletic Villa | Football Field | Gym | Cinema,Miami,Florida,United States,15,4,3,9,Villa,1000 USD,9.5,158,"https://assets.guesty.com/image/upload/c_fit,h_200/v1679091979/production/602d5790a06ff7002f994888/ovufsuiq1xu04rzdgang.jpg",https://theglamhomes.guestybookings.com/en/properties/6259cea2a15a9a0031682d9f?minOccupancy=1,https://theglamhomes.guestybookings.com/es/properties/6259cea2a15a9a0031682d9f?minOccupancy=1,https://www.airbnb.com/rooms/605798144393766076,https://booking.com/hotel/us/majestic-football-field-villa-luxury-tgh.en.html,https://www.vrbo.com/2842266?dateless=true,,,https://www.google.com/travel/hotels/entity/CgsQy_Pum5vb7JH1ARAC/overview?g2lb=43807868,"{""airbnb2"": ""https://www.airbnb.com/rooms/605798144393766076"", ""bookingCom"": ""https://booking.com/hotel/us/majestic-football-field-villa-luxury-tgh.en.html"", ""googleVacationRentals"": ""https://www.google.com/travel/hotels/entity/CgsQy_Pum5vb7JH1ARAC/overview?g2lb=43807868"", ""homeaway2"": ""https://www.vrbo.com/2842266?dateless=true""}","{""airbnb2"": ""COMPLETED"", ""bookingCom"": ""COMPLETED"", ""googleVacationRentals"": ""DISCONNECTED"", ""homeToGo"": ""COMPLETED"", ""homeaway2"": ""COMPLETED"", ""homesVillasByMarriott"": ""COMPLETED"", ""plumGuide"": ""COMPLETED""}",1,Glam Homes: te comparto la propiedad Athletic Villa | Football Field | Gym | Cinema: https://theglamhomes.guestybookings.com/en/properties/6259cea2a15a9a0031682d9f?minOccupancy=1
6132e39af2d8b200305c3138,Boho Villa | Canal View | Sand Volleyball | Cinema,El Portal,Florida,United States,14,4,4,7,Villa,700 USD,9.4,99,"https://assets.guesty.com/image/upload/c_fit,h_200/v1696895089/production/602d5790a06ff7002f994888/l0tjl38dgb4pplvu5ro6.jpg",https://theglamhomes.guestybookings.com/en/properties/6132e39af2d8b200305c3138?minOccupancy=1,https://theglamhomes.guestybookings.com/es/properties/6132e39af2d8b200305c3138?minOccupancy=1,https://www.airbnb.com/rooms/52105679,https://booking.com/hotel/us/new-hidden-gem.en.html,https://www.vrbo.com/2457133?dateless=true,,,https://www.google.com/travel/hotels/entity/CgoQpvC_ndbN6bA0EAI=/overview?g2lb=43807868,"{""airbnb2"": ""https://www.airbnb.com/rooms/52105679"", ""bookingCom"": ""https://booking.com/hotel/us/new-hidden-gem.en.html"", ""googleVacationRentals"": ""https://www.google.com/travel/hotels/entity/CgoQpvC_ndbN6bA0EAI=/overview?g2lb=43807868"", ""homeaway2"": ""https://www.vrbo.com/2457133?dateless=true""}","{""airbnb2"": ""COMPLETED"", ""bookingCom"": ""COMPLETED"", ""googleVacationRentals"": ""DISCONNECTED"", ""homeToGo"": ""COMPLETED"", ""homeaway2"": ""FAILED"", ""homesVillasByMarriott"": ""COMPLETED"", ""plumGuide"": ""COMPLETED""}",1,Glam Homes: te comparto la propiedad Boho Villa | Canal View | Sand Volleyball | Cinema: https://theglamhomes.guestybookings.com/en/properties/6132e39af2d8b200305c3138?minOccupancy=1
68728ea5021b0400131faa80,Casa Brisa | New Construction Villa | 2 min Walk to Beach | Jacuzzi,Pompano Beach,Florida,United States of America,10,5,4,,House,1200 USD,9.1,14,https://assets.guesty.com/image/upload/t_default_thumb/listing_images_s3/production/property-photos/37f38ed4543ed9919946748b5ae03485608699d9559fd0cc/68728ea5021b0400131faa80/928aad25-d233-45-IFcEs,https://theglamhomes.guestybookings.com/en/properties/68728ea5021b0400131faa80?minOccupancy=1,https://theglamhomes.guestybookings.com/es/properties/68728ea5021b0400131faa80?minOccupancy=1,https://www.airbnb.com/rooms/1463807524961096615,https://booking.com/hotel/us/new-construction-villa-2-min-walk-to-beach-jacuzzi.en.html,https://www.vrbo.com/4694919?dateless=true,,,https://www.google.com/travel/hotels/entity/CgoQxOKu14TE-KRGEAI=/overview?g2lb=43807868,"{""airbnb2"": ""https://www.airbnb.com/rooms/1463807524961096615"", ""bookingCom"": ""https://booking.com/hotel/us/new-construction-villa-2-min-walk-to-beach-jacuzzi.en.html"", ""googleVacationRentals"": ""https://www.google.com/travel/hotels/entity/CgoQxOKu14TE-KRGEAI=/overview?g2lb=43807868"", ""homeaway2"": ""https://www.vrbo.com/4694919?dateless=true""}","{""airbnb2"": ""COMPLETED"", ""bookingCom"": ""COMPLETED"", ""googleVacationRentals"": ""COMPLETED"", ""homeToGo"": ""COMPLETED"", ""homeaway2"": ""COMPLETED"", ""homesVillasByMarriott"": ""FAILED"", ""plumGuide"": ""IN_PROGRESS""}",1,Glam Homes: te comparto la propiedad Casa Brisa | New Construction Villa | 2 min Walk to Beach | Jacuzzi: https://theglamhomes.guestybookings.com/en/properties/68728ea5021b0400131faa80?minOccupancy=1
69a5d7f30d2fc200333dc819,Casa Monstera ꨄ︎ Pickleball ꨄ︎ Jacuzzi ꨄ︎ Pool,Fort Lauderdale,Florida,United States of America,12,6,4,9,House,1500 USD,6.4,5,https://assets.guesty.com/image/upload/t_default_thumb/listing_images_s3/production/property-photos/37f38ed4543ed9919946748b5ae03485608699d9559fd0cc/69a5d7f30d2fc200333dc819/7507e1aa-2b44-49-4ZnPm,https://theglamhomes.guestybookings.com/en/properties/69a5d7f30d2fc200333dc819?minOccupancy=1,https://theglamhomes.guestybookings.com/es/properties/69a5d7f30d2fc200333dc819?minOccupancy=1,https://www.airbnb.com/rooms/1619029682332049897,,https://www.vrbo.com/5133471?dateless=true,,,,"{""airbnb2"": ""https://www.airbnb.com/rooms/1619029682332049897"", ""homeaway2"": ""https://www.vrbo.com/5133471?dateless=true""}","{""airbnb2"": ""COMPLETED"", ""googleVacationRentals"": ""DISCONNECTED"", ""homeaway2"": ""COMPLETED"", ""homesVillasByMarriott"": ""FAILED"", ""plumGuide"": ""FAILED""}",1,Glam Homes: te comparto la propiedad Casa Monstera ꨄ︎ Pickleball ꨄ︎ Jacuzzi ꨄ︎ Pool: https://theglamhomes.guestybookings.com/en/properties/69a5d7f30d2fc200333dc819?minOccupancy=1
68a3d207dd483a000fc9d1b1,Casa Oasis | Fire Pit | Heated Pool | Pool Table,Miami,Florida,United States of America,15,4,3,6,House,1000 USD,9.5,11,https://assets.guesty.com/image/upload/t_default_thumb/listing_images_s3/production/property-photos/37f38ed4543ed9919946748b5ae03485608699d9559fd0cc/68a3d207dd483a000fc9d1b1/c46d4e6d-ad8e-4f-OOroF,https://theglamhomes.guestybookings.com/en/properties/68a3d207dd483a000fc9d1b1?minOccupancy=1,https://theglamhomes.guestybookings.com/es/properties/68a3d207dd483a000fc9d1b1?minOccupancy=1,https://www.airbnb.com/rooms/1467014065481394240,https://booking.com/hotel/us/oasis-tropical-villa-glamhomes.en.html,,,,,"{""airbnb2"": ""https://www.airbnb.com/rooms/1467014065481394240"", ""bookingCom"": ""https://booking.com/hotel/us/oasis-tropical-villa-glamhomes.en.html""}","{""airbnb2"": ""COMPLETED"", ""bookingCom"": ""COMPLETED"", ""googleVacationRentals"": ""COMPLETED"", ""homeToGo"": ""COMPLETED"", ""homesVillasByMarriott"": ""FAILED"", ""plumGuide"": ""COMPLETED""}",1,Glam Homes: te comparto la propiedad Casa Oasis | Fire Pit | Heated Pool | Pool Table: https://theglamhomes.guestybookings.com/en/properties/68a3d207dd483a000fc9d1b1?minOccupancy=1
687302c5021b040013229642,Casa Suprema | HotTub | Heated Pool | Gameroom,Fort Lauderdale,Florida,United States of America,8,6,2.5,8,House,1000 USD,9.3,23,https://assets.guesty.com/image/upload/t_default_thumb/listing_images_s3/production/property-photos/37f38ed4543ed9919946748b5ae03485608699d9559fd0cc/687302c5021b040013229642/42000882-6c8e-45-1ZNkw,https://theglamhomes.guestybookings.com/en/properties/687302c5021b040013229642?minOccupancy=1,https://theglamhomes.guestybookings.com/es/properties/687302c5021b040013229642?minOccupancy=1,https://www.airbnb.com/rooms/1463841069727325409,https://booking.com/hotel/us/new-construction-villa-hottub-heated-pool-gameroom.en.html,https://www.vrbo.com/4746217?dateless=true,,,https://www.google.com/travel/hotels/entity/CgoQ1cOv95jw0p4bEAI=/overview?g2lb=43807868,"{""airbnb2"": ""https://www.airbnb.com/rooms/1463841069727325409"", ""bookingCom"": ""https://booking.com/hotel/us/new-construction-villa-hottub-heated-pool-gameroom.en.html"", ""googleVacationRentals"": ""https://www.google.com/travel/hotels/entity/CgoQ1cOv95jw0p4bEAI=/overview?g2lb=43807868"", ""homeaway2"": ""https://www.vrbo.com/4746217?dateless=true""}","{""airbnb2"": ""COMPLETED"", ""bookingCom"": ""COMPLETED"", ""googleVacationRentals"": ""COMPLETED"", ""homeToGo"": ""COMPLETED"", ""homeaway2"": ""COMPLETED"", ""homesVillasByMarriott"": ""FAILED"", ""plumGuide"": ""IN_PROGRESS""}",1,Glam Homes: te comparto la propiedad Casa Suprema | HotTub | Heated Pool | Gameroom: https://theglamhomes.guestybookings.com/en/properties/687302c5021b040013229642?minOccupancy=1
612d82050bda37002e973e9e,Casa Tua | Top Location | Outdoor Grill | Fire Pit,Miami,Florida,United States,15,4,3,9,House,650 USD,9.6,146,"https://assets.guesty.com/image/upload/c_fit,h_200/v1689385384/production/602d5790a06ff7002f994888/xehwmn3of99eot7vogcj.jpg",https://theglamhomes.guestybookings.com/en/properties/612d82050bda37002e973e9e?minOccupancy=1,https://theglamhomes.guestybookings.com/es/properties/612d82050bda37002e973e9e?minOccupancy=1,https://www.airbnb.com/rooms/51969866,https://booking.com/hotel/us/top-location-villa-at-highland-lakes-blvd-by-the-glamhomes.en.html,https://www.vrbo.com/2449070?dateless=true,,,https://www.google.com/travel/hotels/entity/CgoQ6ovs6PXJ3LZYEAI=/overview?g2lb=43807868,"{""airbnb2"": ""https://www.airbnb.com/rooms/51969866"", ""bookingCom"": ""https://booking.com/hotel/us/top-location-villa-at-highland-lakes-blvd-by-the-glamhomes.en.html"", ""googleVacationRentals"": ""https://www.google.com/travel/hotels/entity/CgoQ6ovs6PXJ3LZYEAI=/overview?g2lb=43807868"", ""homeaway2"": ""https://www.vrbo.com/2449070?dateless=true""}","{""airbnb2"": ""COMPLETED"", ""bookingCom"": ""COMPLETED"", ""googleVacationRentals"": ""COMPLETED"", ""homeaway2"": ""COMPLETED"", ""homesVillasByMarriott"": ""COMPLETED"", ""plumGuide"": ""IN_PROGRESS""}",1,Glam Homes: te comparto la propiedad Casa Tua | Top Location | Outdoor Grill | Fire Pit: https://theglamhomes.guestybookings.com/en/properties/612d82050bda37002e973e9e?minOccupancy=1
68a4d542f843f0000f499c5a,Chic Villa | Brand New Luxurious Villa,Hollywood,Florida,United States of America,15,4,3,3,House,1500 USD,9.1,18,https://assets.guesty.com/image/upload/t_default_thumb/listing_images_s3/production/property-photos/37f38ed4543ed9919946748b5ae03485608699d9559fd0cc/68a4d542f843f0000f499c5a/b7e43e57-ea5f-4b-SRezh,https://theglamhomes.guestybookings.com/en/properties/68a4d542f843f0000f499c5a?minOccupancy=1,https://theglamhomes.guestybookings.com/es/properties/68a4d542f843f0000f499c5a?minOccupancy=1,https://www.airbnb.com/rooms/1491411412791926936,https://booking.com/hotel/us/brand-new-luxurious-villa.en.html,https://www.vrbo.com/4766099?dateless=true,,,,"{""airbnb2"": ""https://www.airbnb.com/rooms/1491411412791926936"", ""bookingCom"": ""https://booking.com/hotel/us/brand-new-luxurious-villa.en.html"", ""homeaway2"": ""https://www.vrbo.com/4766099?dateless=true""}","{""airbnb2"": ""COMPLETED"", ""bookingCom"": ""COMPLETED"", ""googleVacationRentals"": ""COMPLETED"", ""homeToGo"": ""COMPLETED"", ""homeaway2"": ""COMPLETED"", ""homesVillasByMarriott"": ""FAILED"", ""plumGuide"": ""COMPLETED""}",1,Glam Homes: te comparto la propiedad Chic Villa | Brand New Luxurious Villa: https://theglamhomes.guestybookings.com/en/properties/68a4d542f843f0000f499c5a?minOccupancy=1
608b0c27dc6de600302237eb,Cozy Villa | Grill | Mini Golf | Billiards | Pool,Miami,Florida,United States,16,6,4,9,House,800 USD,9.6,117,"https://assets.guesty.com/image/upload/c_fit,h_200/v1678468027/production/602d5790a06ff7002f994888/jhnsac497n27nxeva2yu.jpg",https://theglamhomes.guestybookings.com/en/properties/608b0c27dc6de600302237eb?minOccupancy=1,https://theglamhomes.guestybookings.com/es/properties/608b0c27dc6de600302237eb?minOccupancy=1,https://www.airbnb.com/rooms/49933512,https://booking.com/hotel/us/villa-w-a-huge-terrace-amp-grill-mini-golf-pool.en.html,https://www.vrbo.com/2320878?dateless=true,,,,"{""airbnb2"": ""https://www.airbnb.com/rooms/49933512"", ""bookingCom"": ""https://booking.com/hotel/us/villa-w-a-huge-terrace-amp-grill-mini-golf-pool.en.html"", ""homeaway2"": ""https://www.vrbo.com/2320878?dateless=true""}","{""airbnb2"": ""COMPLETED"", ""bookingCom"": ""COMPLETED"", ""googleVacationRentals"": ""DISCONNECTED"", ""homeToGo"": ""COMPLETED"", ""homeaway2"": ""COMPLETED"", ""homesVillasByMarriott"": ""COMPLETED"", ""plumGuide"": ""IN_PROGRESS""}",1,Glam Homes: te comparto la propiedad Cozy Villa | Grill | Mini Golf | Billiards | Pool: https://theglamhomes.guestybookings.com/en/properties/608b0c27dc6de600302237eb?minOccupancy=1
66b2b6d7abcf750010449665,Elysian Villa | Treehouse | Cinema & Courts,Plantation,Florida,United States,15,4,3,7,Villa,750 USD,9.1,27,https://guesty-listing-images.s3.amazonaws.com/production/thumbnail_1204412596595805978_1956773598.jpg,https://theglamhomes.guestybookings.com/en/properties/66b2b6d7abcf750010449665?minOccupancy=1,https://theglamhomes.guestybookings.com/es/properties/66b2b6d7abcf750010449665?minOccupancy=1,,,,,,https://www.google.com/travel/hotels/entity/CgoQyMC72dbnq90fEAI=/overview?g2lb=43807868,"{""googleVacationRentals"": ""https://www.google.com/travel/hotels/entity/CgoQyMC72dbnq90fEAI=/overview?g2lb=43807868""}","{""googleVacationRentals"": ""DISCONNECTED"", ""homesVillasByMarriott"": ""FAILED"", ""plumGuide"": ""FAILED""}",1,Glam Homes: te comparto la propiedad Elysian Villa | Treehouse | Cinema & Courts: https://theglamhomes.guestybookings.com/en/properties/66b2b6d7abcf750010449665?minOccupancy=1
69a6126dc5d62900157ce037,Entertaining Villa • Pickle Ball • Mini Golf•Grill,Miami,Florida,United States of America,16,6,4,8,House,1500 USD,9.3,3,https://assets.guesty.com/image/upload/t_default_thumb/listing_images_s3/production/property-photos/37f38ed4543ed9919946748b5ae03485608699d9559fd0cc/69a6126dc5d62900157ce037/25caafac-8491-4b-KMLkN,https://theglamhomes.guestybookings.com/en/properties/69a6126dc5d62900157ce037?minOccupancy=1,https://theglamhomes.guestybookings.com/es/properties/69a6126dc5d62900157ce037?minOccupancy=1,https://www.airbnb.com/rooms/1632754515068450870,https://booking.com/hotel/us/entertaining-villa-fun-games-mini-golf-grill.en.html,,,,,"{""airbnb2"": ""https://www.airbnb.com/rooms/1632754515068450870"", ""bookingCom"": ""https://booking.com/hotel/us/entertaining-villa-fun-games-mini-golf-grill.en.html""}","{""airbnb2"": ""COMPLETED"", ""bookingCom"": ""COMPLETED"", ""googleVacationRentals"": ""COMPLETED"", ""homesVillasByMarriott"": ""FAILED"", ""plumGuide"": ""FAILED""}",1,Glam Homes: te comparto la propiedad Entertaining Villa • Pickle Ball • Mini Golf•Grill: https://theglamhomes.guestybookings.com/en/properties/69a6126dc5d62900157ce037?minOccupancy=1
67462f8ce34583000f17d1d8,"Glam Manor | 7,000 Ft Mansion with Waterslide | Sauna | Cold plunge",Sunrise,Florida,United States,8,6,3.5,11,House,1450 USD,9.5,77,"https://assets.guesty.com/image/upload/c_fit,h_240/listing_images_s3/production/property-photos/37f38ed4543ed9919946748b5ae03485608699d9559fd0cc/67462f8ce34583000f17d1d8-1298081734817141112_2037290887",https://theglamhomes.guestybookings.com/en/properties/67462f8ce34583000f17d1d8?minOccupancy=1,https://theglamhomes.guestybookings.com/es/properties/67462f8ce34583000f17d1d8?minOccupancy=1,https://www.airbnb.com/rooms/1298081734817141112,https://booking.com/hotel/us/glam-manor-7-000-ft-mansion-with-waterslide-spa.en.html,https://www.vrbo.com/4310614?dateless=true,,,,"{""airbnb2"": ""https://www.airbnb.com/rooms/1298081734817141112"", ""bookingCom"": ""https://booking.com/hotel/us/glam-manor-7-000-ft-mansion-with-waterslide-spa.en.html"", ""homeaway2"": ""https://www.vrbo.com/4310614?dateless=true"", ""plumGuide"": ""https://www.plumguide.com/homes/1310645/joyful-escape""}","{""airbnb2"": ""COMPLETED"", ""bookingCom"": ""COMPLETED"", ""googleVacationRentals"": ""DISCONNECTED"", ""homeToGo"": ""COMPLETED"", ""homeaway2"": ""COMPLETED"", ""homesVillasByMarriott"": ""COMPLETED"", ""plumGuide"": ""IN_PROGRESS""}",1,"Glam Homes: te comparto la propiedad Glam Manor | 7,000 Ft Mansion with Waterslide | Sauna | Cold plunge: https://theglamhomes.guestybookings.com/en/properties/67462f8ce34583000f17d1d8?minOccupancy=1"
68727ef2bac87c00114d2ae2,High Point Condo | New Construction Villa | 3 Min Walk to Beach Pool,Pompano Beach,Florida,United States of America,10,5,4,,House,1478 USD,9.1,16,https://assets.guesty.com/image/upload/t_default_thumb/listing_images_s3/production/property-photos/37f38ed4543ed9919946748b5ae03485608699d9559fd0cc/68727ef2bac87c00114d2ae2/558cb2b5-e793-4c-FZvE4,https://theglamhomes.guestybookings.com/en/properties/68727ef2bac87c00114d2ae2?minOccupancy=1,https://theglamhomes.guestybookings.com/es/properties/68727ef2bac87c00114d2ae2?minOccupancy=1,https://www.airbnb.com/rooms/1462552685945853140,https://booking.com/hotel/us/new-construction-villa-3-min-walk-to-beach-pool.en.html,https://www.vrbo.com/4694917?dateless=true,,,https://www.google.com/travel/hotels/entity/CgoQpODypP6_h-0JEAI=/overview?g2lb=43807868,"{""airbnb2"": ""https://www.airbnb.com/rooms/1462552685945853140"", ""bookingCom"": ""https://booking.com/hotel/us/new-construction-villa-3-min-walk-to-beach-pool.en.html"", ""googleVacationRentals"": ""https://www.google.com/travel/hotels/entity/CgoQpODypP6_h-0JEAI=/overview?g2lb=43807868"", ""homeaway2"": ""https://www.vrbo.com/4694917?dateless=true""}","{""airbnb2"": ""COMPLETED"", ""bookingCom"": ""COMPLETED"", ""googleVacationRentals"": ""COMPLETED"", ""homeToGo"": ""COMPLETED"", ""homeaway2"": ""COMPLETED"", ""homesVillasByMarriott"": ""FAILED"", ""plumGuide"": ""IN_PROGRESS""}",1,Glam Homes: te comparto la propiedad High Point Condo | New Construction Villa | 3 Min Walk to Beach Pool: https://theglamhomes.guestybookings.com/en/properties/68727ef2bac87c00114d2ae2?minOccupancy=1
69010aa056a5b5002badca3a,Lakefront Villa / Private Beach / Pickleball court,Miami,Florida,United States of America,15,6,3,7,House,1850 USD,9.5,12,https://assets.guesty.com/image/upload/t_default_thumb/listing_images_s3/production/property-photos/37f38ed4543ed9919946748b5ae03485608699d9559fd0cc/69010aa056a5b5002badca3a/a5dfcdb1-7cb7-47-1OZ7x,https://theglamhomes.guestybookings.com/en/properties/69010aa056a5b5002badca3a?minOccupancy=1,https://theglamhomes.guestybookings.com/es/properties/69010aa056a5b5002badca3a?minOccupancy=1,https://www.airbnb.com/rooms/1541645527070477327,https://booking.com/hotel/us/lakefront-villa-and-paddle-board-tgh.en.html,https://www.vrbo.com/4920826?dateless=true,,,,"{""airbnb2"": ""https://www.airbnb.com/rooms/1541645527070477327"", ""bookingCom"": ""https://booking.com/hotel/us/lakefront-villa-and-paddle-board-tgh.en.html"", ""homeaway2"": ""https://www.vrbo.com/4920826?dateless=true"", ""plumGuide"": ""https://www.plumguide.com/homes/1392628/jade-aqua""}","{""airbnb2"": ""COMPLETED"", ""bookingCom"": ""COMPLETED"", ""googleVacationRentals"": ""COMPLETED"", ""homeaway2"": ""COMPLETED"", ""homesVillasByMarriott"": ""FAILED"", ""plumGuide"": ""IN_PROGRESS""}",1,Glam Homes: te comparto la propiedad Lakefront Villa / Private Beach / Pickleball court: https://theglamhomes.guestybookings.com/en/properties/69010aa056a5b5002badca3a?minOccupancy=1
686305d084fe340021521814,Lakefront Villa | Tropical Backy | Heated Pool | Jacuzzi,North Miami Beach,Florida,United States of America,15,5,4,9,House,1600 USD,10,36,https://assets.guesty.com/image/upload/t_default_thumb/listing_images_s3/production/property-photos/37f38ed4543ed9919946748b5ae03485608699d9559fd0cc/686305d084fe340021521814/upsb8sljmqf6hnh1-gdl5v,https://theglamhomes.guestybookings.com/en/properties/686305d084fe340021521814?minOccupancy=1,https://theglamhomes.guestybookings.com/es/properties/686305d084fe340021521814?minOccupancy=1,https://www.airbnb.com/rooms/1455161090379844482,https://booking.com/hotel/us/lakefront-villa-tropical-backy.en.html,https://www.vrbo.com/4678782?dateless=true,,,,"{""airbnb2"": ""https://www.airbnb.com/rooms/1455161090379844482"", ""bookingCom"": ""https://booking.com/hotel/us/lakefront-villa-tropical-backy.en.html"", ""homeaway2"": ""https://www.vrbo.com/4678782?dateless=true""}","{""airbnb2"": ""COMPLETED"", ""bookingCom"": ""COMPLETED"", ""googleVacationRentals"": ""COMPLETED"", ""homeToGo"": ""COMPLETED"", ""homeaway2"": ""COMPLETED"", ""homesVillasByMarriott"": ""FAILED"", ""plumGuide"": ""COMPLETED""}",1,Glam Homes: te comparto la propiedad Lakefront Villa | Tropical Backy | Heated Pool | Jacuzzi: https://theglamhomes.guestybookings.com/en/properties/686305d084fe340021521814?minOccupancy=1
696fca7fc09b670014a9e20b,Luxe ꨄ︎ Pickleball/BasketCourtꨄ︎Slideꨄ︎Heated Pool,Scottsdale,Arizona,United States of America,16,5,4.5,13,House,1599 USD,8.5,15,https://assets.guesty.com/image/upload/t_default_thumb/listing_images_s3/production/property-photos/37f38ed4543ed9919946748b5ae03485608699d9559fd0cc/696fca7fc09b670014a9e20b/e938d877-fab8-4b-G3O3v,https://theglamhomes.guestybookings.com/en/properties/696fca7fc09b670014a9e20b?minOccupancy=1,https://theglamhomes.guestybookings.com/es/properties/696fca7fc09b670014a9e20b?minOccupancy=1,https://www.airbnb.com/rooms/1593547086381669338,https://booking.com/hotel/us/luxe-pickleball-heated-pool-slide-basketball-court.en.html,,,,,"{""airbnb2"": ""https://www.airbnb.com/rooms/1593547086381669338"", ""bookingCom"": ""https://booking.com/hotel/us/luxe-pickleball-heated-pool-slide-basketball-court.en.html""}","{""airbnb2"": ""COMPLETED"", ""bookingCom"": ""COMPLETED"", ""googleVacationRentals"": ""COMPLETED"", ""homesVillasByMarriott"": ""FAILED"", ""plumGuide"": ""FAILED""}",1,Glam Homes: te comparto la propiedad Luxe ꨄ︎ Pickleball/BasketCourtꨄ︎Slideꨄ︎Heated Pool: https://theglamhomes.guestybookings.com/en/properties/696fca7fc09b670014a9e20b?minOccupancy=1
6966a047f3e3bf001b0cb999,Luxe~Beachfront~Heated Pool~Hot Tub~Beach Access,Islamorada,Florida,United States of America,15,4,4,,House,2500 USD,8.5,4,https://assets.guesty.com/image/upload/t_default_thumb/listing_images_s3/production/property-photos/37f38ed4543ed9919946748b5ae03485608699d9559fd0cc/6966a047f3e3bf001b0cb999/1ac711fa-70d2-42-pwz8d,https://theglamhomes.guestybookings.com/en/properties/6966a047f3e3bf001b0cb999?minOccupancy=1,https://theglamhomes.guestybookings.com/es/properties/6966a047f3e3bf001b0cb999?minOccupancy=1,https://www.airbnb.com/rooms/1593548225696771943,https://booking.com/hotel/us/beachfront-villa-kayak-cinema-fire-pit-pool.en.html,,,,,"{""airbnb2"": ""https://www.airbnb.com/rooms/1593548225696771943"", ""bookingCom"": ""https://booking.com/hotel/us/beachfront-villa-kayak-cinema-fire-pit-pool.en.html""}","{""airbnb2"": ""COMPLETED"", ""bookingCom"": ""COMPLETED"", ""googleVacationRentals"": ""COMPLETED"", ""homesVillasByMarriott"": ""FAILED"", ""plumGuide"": ""FAILED""}",1,Glam Homes: te comparto la propiedad Luxe~Beachfront~Heated Pool~Hot Tub~Beach Access: https://theglamhomes.guestybookings.com/en/properties/6966a047f3e3bf001b0cb999?minOccupancy=1
699dd9b78a4bfa0034f0fbf1,Miami Bliss Luxe Retreat | Pool • Spa • Pickleball,Miami,Florida,United States of America,16,6,5,10,House,1650 USD,9.4,7,https://assets.guesty.com/image/upload/t_default_thumb/listing_images_s3/production/property-photos/37f38ed4543ed9919946748b5ae03485608699d9559fd0cc/699dd9b78a4bfa0034f0fbf1/c8e843b6-3670-4d-xITcp,https://theglamhomes.guestybookings.com/en/properties/699dd9b78a4bfa0034f0fbf1?minOccupancy=1,https://theglamhomes.guestybookings.com/es/properties/699dd9b78a4bfa0034f0fbf1?minOccupancy=1,https://www.airbnb.com/rooms/1625083112057376156,https://booking.com/hotel/us/new-spectacular-6br-bliss-pool-spa-amp-pickell.en.html,,,,,"{""airbnb2"": ""https://www.airbnb.com/rooms/1625083112057376156"", ""bookingCom"": ""https://booking.com/hotel/us/new-spectacular-6br-bliss-pool-spa-amp-pickell.en.html""}","{""airbnb2"": ""COMPLETED"", ""bookingCom"": ""COMPLETED"", ""googleVacationRentals"": ""COMPLETED"", ""homesVillasByMarriott"": ""FAILED"", ""plumGuide"": ""IN_PROGRESS""}",1,Glam Homes: te comparto la propiedad Miami Bliss Luxe Retreat | Pool • Spa • Pickleball: https://theglamhomes.guestybookings.com/en/properties/699dd9b78a4bfa0034f0fbf1?minOccupancy=1
69160d3498fc5b0013d3dc5f,Miami Ultra Villa w Pool Movie Theater Pickle Ball,Miami,Florida,United States of America,16,5,5,8,House,1800 USD,9.4,19,https://assets.guesty.com/image/upload/t_default_thumb/listing_images_s3/production/property-photos/37f38ed4543ed9919946748b5ae03485608699d9559fd0cc/69160d3498fc5b0013d3dc5f/91f4c5b5-f86c-45-r28hA,https://theglamhomes.guestybookings.com/en/properties/69160d3498fc5b0013d3dc5f?minOccupancy=1,https://theglamhomes.guestybookings.com/es/properties/69160d3498fc5b0013d3dc5f?minOccupancy=1,https://www.airbnb.com/rooms/1553665480850752987,https://booking.com/hotel/us/miami-ultra-villa-w-pool-movie-theater-pickle-ball.en.html,https://www.vrbo.com/4951334?dateless=true,,,,"{""airbnb2"": ""https://www.airbnb.com/rooms/1553665480850752987"", ""bookingCom"": ""https://booking.com/hotel/us/miami-ultra-villa-w-pool-movie-theater-pickle-ball.en.html"", ""homeaway2"": ""https://www.vrbo.com/4951334?dateless=true"", ""plumGuide"": ""https://www.plumguide.com/homes/1326112/balmy-interiors""}","{""airbnb2"": ""COMPLETED"", ""bookingCom"": ""COMPLETED"", ""googleVacationRentals"": ""COMPLETED"", ""homeaway2"": ""COMPLETED"", ""homesVillasByMarriott"": ""FAILED"", ""plumGuide"": ""IN_PROGRESS""}",1,Glam Homes: te comparto la propiedad Miami Ultra Villa w Pool Movie Theater Pickle Ball: https://theglamhomes.guestybookings.com/en/properties/69160d3498fc5b0013d3dc5f?minOccupancy=1
631cce7992d5e30035582e8e,Moroccan Style Villa with Resort Pool & Cabana,Miami,Florida,United States,16,4,3.5,10,House,850 USD,9.7,166,https://assets.guesty.com/image/upload/t_default_thumb/v1775078007/production/602d5790a06ff7002f994888/tswysltxcl2t8rzlbqpi.jpg,https://theglamhomes.guestybookings.com/en/properties/631cce7992d5e30035582e8e?minOccupancy=1,https://theglamhomes.guestybookings.com/es/properties/631cce7992d5e30035582e8e?minOccupancy=1,https://www.airbnb.com/rooms/713055999291672524,https://booking.com/hotel/us/bkb-ct-xl-sand-hammock-cabana-villa.en.html,https://www.vrbo.com/3007135?dateless=true,,,https://www.google.com/travel/hotels/entity/CgsQ__v83K7VlrDvARAC/overview?g2lb=43807868,"{""airbnb2"": ""https://www.airbnb.com/rooms/713055999291672524"", ""bookingCom"": ""https://booking.com/hotel/us/bkb-ct-xl-sand-hammock-cabana-villa.en.html"", ""googleVacationRentals"": ""https://www.google.com/travel/hotels/entity/CgsQ__v83K7VlrDvARAC/overview?g2lb=43807868"", ""homeaway2"": ""https://www.vrbo.com/3007135?dateless=true""}","{""airbnb2"": ""COMPLETED"", ""bookingCom"": ""COMPLETED"", ""googleVacationRentals"": ""COMPLETED"", ""homeToGo"": ""COMPLETED"", ""homeaway2"": ""COMPLETED"", ""homesVillasByMarriott"": ""COMPLETED"", ""plumGuide"": ""COMPLETED""}",1,Glam Homes: te comparto la propiedad Moroccan Style Villa with Resort Pool & Cabana: https://theglamhomes.guestybookings.com/en/properties/631cce7992d5e30035582e8e?minOccupancy=1
669b2010220d1c0010ff919a,New Signature Waterfront Villa by The Glamhomes,Miami,Florida,United States,16,5,5.5,8,House,1650 USD,9.7,69,https://guesty-listing-images.s3.amazonaws.com/production/thumbnail_1203897412517476296_1956130646.jpg,https://theglamhomes.guestybookings.com/en/properties/669b2010220d1c0010ff919a?minOccupancy=1,https://theglamhomes.guestybookings.com/es/properties/669b2010220d1c0010ff919a?minOccupancy=1,https://www.airbnb.com/rooms/1203897412517476296,https://booking.com/hotel/us/waterfront-luxury-villa-glamhomes.en.html,https://www.vrbo.com/4146644?dateless=true,,,,"{""airbnb2"": ""https://www.airbnb.com/rooms/1203897412517476296"", ""bookingCom"": ""https://booking.com/hotel/us/waterfront-luxury-villa-glamhomes.en.html"", ""homeaway2"": ""https://www.vrbo.com/4146644?dateless=true""}","{""airbnb2"": ""COMPLETED"", ""bookingCom"": ""COMPLETED"", ""googleVacationRentals"": ""DISCONNECTED"", ""homeToGo"": ""COMPLETED"", ""homeaway2"": ""COMPLETED"", ""homesVillasByMarriott"": ""COMPLETED"", ""plumGuide"": ""COMPLETED""}",1,Glam Homes: te comparto la propiedad New Signature Waterfront Villa by The Glamhomes: https://theglamhomes.guestybookings.com/en/properties/669b2010220d1c0010ff919a?minOccupancy=1
695fd0a644cc2c003ca8fbb7,New Vibrant Villa~Heat Pool~Jacuzzi~BBQ~Pickleball,Miami,Florida,United States of America,14,5,3,,House,1250 USD,9,11,https://assets.guesty.com/image/upload/t_default_thumb/listing_images_s3/production/property-photos/37f38ed4543ed9919946748b5ae03485608699d9559fd0cc/695fd0a644cc2c003ca8fbb7/978a384a-6a72-4a-Nc0oo,https://theglamhomes.guestybookings.com/en/properties/695fd0a644cc2c003ca8fbb7?minOccupancy=1,https://theglamhomes.guestybookings.com/es/properties/695fd0a644cc2c003ca8fbb7?minOccupancy=1,https://www.airbnb.com/rooms/1593678599426805415,https://booking.com/hotel/us/tropical-villa-wjacuzzi-big-terrace-amp-billiards.en.html,https://www.vrbo.com/5037681?dateless=true,,,,"{""airbnb2"": ""https://www.airbnb.com/rooms/1593678599426805415"", ""bookingCom"": ""https://booking.com/hotel/us/tropical-villa-wjacuzzi-big-terrace-amp-billiards.en.html"", ""homeaway2"": ""https://www.vrbo.com/5037681?dateless=true""}","{""airbnb2"": ""COMPLETED"", ""bookingCom"": ""COMPLETED"", ""googleVacationRentals"": ""COMPLETED"", ""homeaway2"": ""COMPLETED"", ""homesVillasByMarriott"": ""FAILED"", ""plumGuide"": ""FAILED""}",1,Glam Homes: te comparto la propiedad New Vibrant Villa~Heat Pool~Jacuzzi~BBQ~Pickleball: https://theglamhomes.guestybookings.com/en/properties/695fd0a644cc2c003ca8fbb7?minOccupancy=1
672f9a95e72ed600124714a5,One and Only Lazy River Pool Villa,Miami,Florida,United States,16,6,4,12,House,1550 USD,9.8,84,"https://assets.guesty.com/image/upload/c_fit,h_240/listing_images_s3/production/property-photos/37f38ed4543ed9919946748b5ae03485608699d9559fd0cc/672f9a95e72ed600124714a5-1286163286711282848_2026854186",https://theglamhomes.guestybookings.com/en/properties/672f9a95e72ed600124714a5?minOccupancy=1,https://theglamhomes.guestybookings.com/es/properties/672f9a95e72ed600124714a5?minOccupancy=1,https://www.airbnb.com/rooms/1286163286711282848,https://booking.com/hotel/us/one-and-only-lazy-river-pool-villa.en.html,https://www.vrbo.com/4281343?dateless=true,,,https://www.google.com/travel/hotels/entity/CgsQ79u6pt7Ai7HVARAC/overview?g2lb=43807868,"{""airbnb2"": ""https://www.airbnb.com/rooms/1286163286711282848"", ""bookingCom"": ""https://booking.com/hotel/us/one-and-only-lazy-river-pool-villa.en.html"", ""googleVacationRentals"": ""https://www.google.com/travel/hotels/entity/CgsQ79u6pt7Ai7HVARAC/overview?g2lb=43807868"", ""homeaway2"": ""https://www.vrbo.com/4281343?dateless=true""}","{""airbnb2"": ""COMPLETED"", ""bookingCom"": ""COMPLETED"", ""googleVacationRentals"": ""COMPLETED"", ""homeToGo"": ""COMPLETED"", ""homeaway2"": ""COMPLETED"", ""homesVillasByMarriott"": ""COMPLETED"", ""plumGuide"": ""COMPLETED""}",1,Glam Homes: te comparto la propiedad One and Only Lazy River Pool Villa: https://theglamhomes.guestybookings.com/en/properties/672f9a95e72ed600124714a5?minOccupancy=1
6940cdd2fd2e0c0035ef1fb4,Peaceful Villa/ Jacuzzi/ Pickleball Ct / Ping-Pong,Hollywood,Florida,United States of America,10,6,4,,House,2100 USD,9.8,19,https://assets.guesty.com/image/upload/t_default_thumb/listing_images_s3/production/property-photos/37f38ed4543ed9919946748b5ae03485608699d9559fd0cc/6940cdd2fd2e0c0035ef1fb4/d86f823c-aebf-4a-__0jR,https://theglamhomes.guestybookings.com/en/properties/6940cdd2fd2e0c0035ef1fb4?minOccupancy=1,https://theglamhomes.guestybookings.com/es/properties/6940cdd2fd2e0c0035ef1fb4?minOccupancy=1,https://www.airbnb.com/rooms/1577187599036006440,https://booking.com/hotel/us/luxurious-villa-with-elegant-interior-and-mini-golf-tgh.en.html,https://www.vrbo.com/5002752?dateless=true,,,,"{""airbnb2"": ""https://www.airbnb.com/rooms/1577187599036006440"", ""bookingCom"": ""https://booking.com/hotel/us/luxurious-villa-with-elegant-interior-and-mini-golf-tgh.en.html"", ""homeaway2"": ""https://www.vrbo.com/5002752?dateless=true""}","{""airbnb2"": ""COMPLETED"", ""bookingCom"": ""COMPLETED"", ""googleVacationRentals"": ""COMPLETED"", ""homeaway2"": ""COMPLETED"", ""homesVillasByMarriott"": ""FAILED"", ""plumGuide"": ""IN_PROGRESS""}",1,Glam Homes: te comparto la propiedad Peaceful Villa/ Jacuzzi/ Pickleball Ct / Ping-Pong: https://theglamhomes.guestybookings.com/en/properties/6940cdd2fd2e0c0035ef1fb4?minOccupancy=1
68727ede146e6b0013ca04f2,Peak Villa | Pompano Beach Retreat | Pool | Jacuzzi,Pompano Beach,Florida,United States of America,10,5,4,,House,1500 USD,8.9,24,https://assets.guesty.com/image/upload/t_default_thumb/listing_images_s3/production/property-photos/37f38ed4543ed9919946748b5ae03485608699d9559fd0cc/68727ede146e6b0013ca04f2/558cb2b5-e793-4c-FZvE4,https://theglamhomes.guestybookings.com/en/properties/68727ede146e6b0013ca04f2?minOccupancy=1,https://theglamhomes.guestybookings.com/es/properties/68727ede146e6b0013ca04f2?minOccupancy=1,https://www.airbnb.com/rooms/1461149730991389625,https://booking.com/hotel/us/pompano-beach-retreat-villa-with-pool-jacuzzi.en.html,https://www.vrbo.com/4694916?dateless=true,,,https://www.google.com/travel/hotels/entity/CgsQ_ajB_P7v2eXfARAC/overview?g2lb=43807868,"{""airbnb2"": ""https://www.airbnb.com/rooms/1461149730991389625"", ""bookingCom"": ""https://booking.com/hotel/us/pompano-beach-retreat-villa-with-pool-jacuzzi.en.html"", ""googleVacationRentals"": ""https://www.google.com/travel/hotels/entity/CgsQ_ajB_P7v2eXfARAC/overview?g2lb=43807868"", ""homeaway2"": ""https://www.vrbo.com/4694916?dateless=true""}","{""airbnb2"": ""COMPLETED"", ""bookingCom"": ""COMPLETED"", ""googleVacationRentals"": ""COMPLETED"", ""homeToGo"": ""COMPLETED"", ""homeaway2"": ""COMPLETED"", ""homesVillasByMarriott"": ""FAILED"", ""plumGuide"": ""IN_PROGRESS""}",1,Glam Homes: te comparto la propiedad Peak Villa | Pompano Beach Retreat | Pool | Jacuzzi: https://theglamhomes.guestybookings.com/en/properties/68727ede146e6b0013ca04f2?minOccupancy=1
692f880dd893e80013f20b4e,Pickleball Oasis • Container Pool • Near Hard Rock,Miami Gardens,Florida,United States of America,14,4,3,7,House,650 USD,8.7,3,https://assets.guesty.com/image/upload/t_default_thumb/listing_images_s3/production/property-photos/37f38ed4543ed9919946748b5ae03485608699d9559fd0cc/692f880dd893e80013f20b4e/52cb5ea1-99ee-44-V5Ek1,https://theglamhomes.guestybookings.com/en/properties/692f880dd893e80013f20b4e?minOccupancy=1,https://theglamhomes.guestybookings.com/es/properties/692f880dd893e80013f20b4e?minOccupancy=1,,,https://www.vrbo.com/4997952?dateless=true,,,,"{""homeaway2"": ""https://www.vrbo.com/4997952?dateless=true""}","{""googleVacationRentals"": ""COMPLETED"", ""homeaway2"": ""COMPLETED"", ""homesVillasByMarriott"": ""FAILED"", ""plumGuide"": ""IN_PROGRESS""}",1,Glam Homes: te comparto la propiedad Pickleball Oasis • Container Pool • Near Hard Rock: https://theglamhomes.guestybookings.com/en/properties/692f880dd893e80013f20b4e?minOccupancy=1
673beb980f9e2a001178bdcd,Platinum Villa | Karaoke | Pickleball | BKB | Soccer,Davie,Florida,United States,10,4,4,5,House,750 USD,9.6,45,"https://assets.guesty.com/image/upload/c_fit,h_240/listing_images_s3/production/property-photos/37f38ed4543ed9919946748b5ae03485608699d9559fd0cc/673beb980f9e2a001178bdcd-1293014853098816704_2032761019",https://theglamhomes.guestybookings.com/en/properties/673beb980f9e2a001178bdcd?minOccupancy=1,https://theglamhomes.guestybookings.com/es/properties/673beb980f9e2a001178bdcd?minOccupancy=1,https://www.airbnb.com/rooms/1293014853098816704,https://booking.com/hotel/us/villa-platinum-by-glam-homes.en.html,https://www.vrbo.com/4294932?dateless=true,,,https://www.google.com/travel/hotels/entity/CgoQ5df7m5jcxeMkEAI=/overview?g2lb=43807868,"{""airbnb2"": ""https://www.airbnb.com/rooms/1293014853098816704"", ""bookingCom"": ""https://booking.com/hotel/us/villa-platinum-by-glam-homes.en.html"", ""googleVacationRentals"": ""https://www.google.com/travel/hotels/entity/CgoQ5df7m5jcxeMkEAI=/overview?g2lb=43807868"", ""homeaway2"": ""https://www.vrbo.com/4294932?dateless=true""}","{""airbnb2"": ""COMPLETED"", ""bookingCom"": ""COMPLETED"", ""googleVacationRentals"": ""DISCONNECTED"", ""homeToGo"": ""COMPLETED"", ""homeaway2"": ""COMPLETED"", ""homesVillasByMarriott"": ""COMPLETED"", ""plumGuide"": ""COMPLETED""}",1,Glam Homes: te comparto la propiedad Platinum Villa | Karaoke | Pickleball | BKB | Soccer: https://theglamhomes.guestybookings.com/en/properties/673beb980f9e2a001178bdcd?minOccupancy=1
69af87f78d4ed10015d483e0,Resort Villa•Modern Pool•Tan Deck•Outdoor Dining,Pompano Beach,Florida,United States of America,16,6,4,,House,1500 USD,10,2,https://assets.guesty.com/image/upload/t_default_thumb/listing_images_s3/production/property-photos/37f38ed4543ed9919946748b5ae03485608699d9559fd0cc/69af87f78d4ed10015d483e0/1630d1c5-dc7a-4b-9Pj2X,https://theglamhomes.guestybookings.com/en/properties/69af87f78d4ed10015d483e0?minOccupancy=1,https://theglamhomes.guestybookings.com/es/properties/69af87f78d4ed10015d483e0?minOccupancy=1,https://www.airbnb.com/rooms/1637878244005569890,https://booking.com/hotel/us/resort-villa-modern-pool-amp-outdoor-dining.en.html,,,,,"{""airbnb2"": ""https://www.airbnb.com/rooms/1637878244005569890"", ""bookingCom"": ""https://booking.com/hotel/us/resort-villa-modern-pool-amp-outdoor-dining.en.html""}","{""airbnb2"": ""COMPLETED"", ""bookingCom"": ""COMPLETED"", ""googleVacationRentals"": ""COMPLETED"", ""homesVillasByMarriott"": ""FAILED"", ""plumGuide"": ""FAILED""}",1,Glam Homes: te comparto la propiedad Resort Villa•Modern Pool•Tan Deck•Outdoor Dining: https://theglamhomes.guestybookings.com/en/properties/69af87f78d4ed10015d483e0?minOccupancy=1
69696ed2c11c39001a3aac9e,Retreat/Beach hammock•Container Pool • 7 Min Beach,Delray Beach,Florida,United States of America,9,3,2,6,House,650 USD,6,2,https://assets.guesty.com/image/upload/t_default_thumb/listing_images_s3/production/property-photos/37f38ed4543ed9919946748b5ae03485608699d9559fd0cc/69696ed2c11c39001a3aac9e/5ba1cf40-2bdd-41-PX325,https://theglamhomes.guestybookings.com/en/properties/69696ed2c11c39001a3aac9e?minOccupancy=1,https://theglamhomes.guestybookings.com/es/properties/69696ed2c11c39001a3aac9e?minOccupancy=1,https://www.airbnb.com/rooms/1574856949807807079,,,,,,"{""airbnb2"": ""https://www.airbnb.com/rooms/1574856949807807079""}","{""airbnb2"": ""COMPLETED"", ""googleVacationRentals"": ""COMPLETED"", ""homesVillasByMarriott"": ""FAILED"", ""plumGuide"": ""IN_PROGRESS""}",1,Glam Homes: te comparto la propiedad Retreat/Beach hammock•Container Pool • 7 Min Beach: https://theglamhomes.guestybookings.com/en/properties/69696ed2c11c39001a3aac9e?minOccupancy=1
68a730e270263b00382d1ea4,Serenity Villa | Pool | FirePit | Mini Golf,Aventura,Florida,United States of America,15,5,3,8,House,1000 USD,9.5,21,https://assets.guesty.com/image/upload/t_default_thumb/v1778694406/production/602d5790a06ff7002f994888/gryc3tahmtpuofi8pswb.jpg,https://theglamhomes.guestybookings.com/en/properties/68a730e270263b00382d1ea4?minOccupancy=1,https://theglamhomes.guestybookings.com/es/properties/68a730e270263b00382d1ea4?minOccupancy=1,https://www.airbnb.com/rooms/1491599731974085466,https://booking.com/hotel/us/luxe-villa-minigolf-pool-firepit.en.html,,,,,"{""airbnb2"": ""https://www.airbnb.com/rooms/1491599731974085466"", ""bookingCom"": ""https://booking.com/hotel/us/luxe-villa-minigolf-pool-firepit.en.html""}","{""airbnb2"": ""COMPLETED"", ""bookingCom"": ""COMPLETED"", ""googleVacationRentals"": ""COMPLETED"", ""homeToGo"": ""COMPLETED"", ""homesVillasByMarriott"": ""FAILED"", ""plumGuide"": ""IN_PROGRESS""}",1,Glam Homes: te comparto la propiedad Serenity Villa | Pool | FirePit | Mini Golf: https://theglamhomes.guestybookings.com/en/properties/68a730e270263b00382d1ea4?minOccupancy=1
66c8feb1c231180011ee82a8,Star Villa | Opulent Waterfront Property,North Miami Beach,Florida,United States,16,5,4.5,8,Villa,2000 USD,9.9,54,https://guesty-listing-images.s3.amazonaws.com/production/thumbnail_1229816746372242912_1980691540.jpg,https://theglamhomes.guestybookings.com/en/properties/66c8feb1c231180011ee82a8?minOccupancy=1,https://theglamhomes.guestybookings.com/es/properties/66c8feb1c231180011ee82a8?minOccupancy=1,https://www.airbnb.com/rooms/1229816746372242912,https://booking.com/hotel/us/waterfront-mansion-the-glamhomes.en.html,https://www.vrbo.com/4167475?dateless=true,,,https://www.google.com/travel/hotels/entity/CgoQuq2LyqP-yuUzEAI=/overview?g2lb=43807868,"{""airbnb2"": ""https://www.airbnb.com/rooms/1229816746372242912"", ""bookingCom"": ""https://booking.com/hotel/us/waterfront-mansion-the-glamhomes.en.html"", ""googleVacationRentals"": ""https://www.google.com/travel/hotels/entity/CgoQuq2LyqP-yuUzEAI=/overview?g2lb=43807868"", ""homeaway2"": ""https://www.vrbo.com/4167475?dateless=true""}","{""airbnb2"": ""COMPLETED"", ""bookingCom"": ""COMPLETED"", ""googleVacationRentals"": ""COMPLETED"", ""homeToGo"": ""COMPLETED"", ""homeaway2"": ""COMPLETED"", ""homesVillasByMarriott"": ""COMPLETED"", ""plumGuide"": ""COMPLETED""}",1,Glam Homes: te comparto la propiedad Star Villa | Opulent Waterfront Property: https://theglamhomes.guestybookings.com/en/properties/66c8feb1c231180011ee82a8?minOccupancy=1
63962ae6b21b6b0068897607,Swish Villa | Unique BKB Court | Outdoor Cinema,Miami,Florida,United States,16,5,3,10,House,1200 USD,9.6,150,"https://assets.guesty.com/image/upload/c_fit,h_200/v1682438472/production/602d5790a06ff7002f994888/dr5ryvnsk6purmdfumzg.jpg",https://theglamhomes.guestybookings.com/en/properties/63962ae6b21b6b0068897607?minOccupancy=1,https://theglamhomes.guestybookings.com/es/properties/63962ae6b21b6b0068897607?minOccupancy=1,https://www.airbnb.com/rooms/779722314049620920,https://booking.com/hotel/us/mega-fun-villa-billiard-basketball-ct-cinema-pool.en.html,https://www.vrbo.com/3184777?dateless=true,,,https://www.google.com/travel/hotels/entity/CgoQxuuBnuiK7-xMEAI=/overview?g2lb=43807868,"{""airbnb2"": ""https://www.airbnb.com/rooms/779722314049620920"", ""bookingCom"": ""https://booking.com/hotel/us/mega-fun-villa-billiard-basketball-ct-cinema-pool.en.html"", ""googleVacationRentals"": ""https://www.google.com/travel/hotels/entity/CgoQxuuBnuiK7-xMEAI=/overview?g2lb=43807868"", ""homeaway2"": ""https://www.vrbo.com/3184777?dateless=true""}","{""airbnb2"": ""COMPLETED"", ""bookingCom"": ""COMPLETED"", ""googleVacationRentals"": ""COMPLETED"", ""homeToGo"": ""COMPLETED"", ""homeaway2"": ""COMPLETED"", ""homesVillasByMarriott"": ""COMPLETED"", ""plumGuide"": ""COMPLETED""}",1,Glam Homes: te comparto la propiedad Swish Villa | Unique BKB Court | Outdoor Cinema: https://theglamhomes.guestybookings.com/en/properties/63962ae6b21b6b0068897607?minOccupancy=1
65a0aa2f1cee210012e76b35,The Lagoon | Miami's Exclusive Glam Grotto,Miami,Florida,United States of America,16,5,3,11,Bed & Breakfast,1500 USD,9.4,101,https://guesty-listing-images.s3.amazonaws.com/production/thumbnail_1037658428451703176_1807491246.jpg,https://theglamhomes.guestybookings.com/en/properties/65a0aa2f1cee210012e76b35?minOccupancy=1,https://theglamhomes.guestybookings.com/es/properties/65a0aa2f1cee210012e76b35?minOccupancy=1,https://www.airbnb.com/rooms/1037658428451703176,https://booking.com/hotel/us/grottojacuzzi-pond-the-glam-homes.en.html,https://www.vrbo.com/3817475?dateless=true,,,https://www.google.com/travel/hotels/entity/CgoQjoj7qffv2dZ1EAI=/overview?g2lb=43807868,"{""airbnb2"": ""https://www.airbnb.com/rooms/1037658428451703176"", ""bookingCom"": ""https://booking.com/hotel/us/grottojacuzzi-pond-the-glam-homes.en.html"", ""googleVacationRentals"": ""https://www.google.com/travel/hotels/entity/CgoQjoj7qffv2dZ1EAI=/overview?g2lb=43807868"", ""homeaway2"": ""https://www.vrbo.com/3817475?dateless=true""}","{""airbnb2"": ""COMPLETED"", ""bookingCom"": ""COMPLETED"", ""googleVacationRentals"": ""COMPLETED"", ""homeToGo"": ""COMPLETED"", ""homeaway2"": ""COMPLETED"", ""homesVillasByMarriott"": ""COMPLETED"", ""plumGuide"": ""COMPLETED""}",1,Glam Homes: te comparto la propiedad The Lagoon | Miami's Exclusive Glam Grotto: https://theglamhomes.guestybookings.com/en/properties/65a0aa2f1cee210012e76b35?minOccupancy=1
68234e556a900c0042103207,The One and Only | Condo at Viceroy | Ocean Views,San José del Cabo,Baja California Sur,Mexico,6,2,2,3,Apartment,1275 USD,6,4,https://assets.guesty.com/image/upload/t_default_thumb/listing_images_s3/production/property-photos/37f38ed4543ed9919946748b5ae03485608699d9559fd0cc/68234e556a900c0042103207/42dcc16b-a1c2-44-XTE0O,https://theglamhomes.guestybookings.com/en/properties/68234e556a900c0042103207?minOccupancy=1,https://theglamhomes.guestybookings.com/es/properties/68234e556a900c0042103207?minOccupancy=1,https://www.airbnb.com/rooms/1416658076830257001,,https://www.vrbo.com/4648531?dateless=true,,,,"{""airbnb2"": ""https://www.airbnb.com/rooms/1416658076830257001"", ""homeaway2"": ""https://www.vrbo.com/4648531?dateless=true""}","{""airbnb2"": ""COMPLETED"", ""googleVacationRentals"": ""FAILED"", ""homeaway2"": ""COMPLETED"", ""homesVillasByMarriott"": ""FAILED"", ""plumGuide"": ""IN_PROGRESS""}",1,Glam Homes: te comparto la propiedad The One and Only | Condo at Viceroy | Ocean Views: https://theglamhomes.guestybookings.com/en/properties/68234e556a900c0042103207?minOccupancy=1
65ab2eab7022d2000d9819bb,The Palm | Oasis Pool | Pickleball | Basketball,Miami,Florida,United States of America,16,6,4.5,9,Bed & Breakfast,1500 USD,9.7,103,https://guesty-listing-images.s3.amazonaws.com/production/thumbnail_1014492385273328803_1807483086.jpg,https://theglamhomes.guestybookings.com/en/properties/65ab2eab7022d2000d9819bb?minOccupancy=1,https://theglamhomes.guestybookings.com/es/properties/65ab2eab7022d2000d9819bb?minOccupancy=1,https://www.airbnb.com/rooms/1014492385273328803,https://booking.com/hotel/us/new-oasis-pool-by-tgh.en.html,,,,,"{""airbnb2"": ""https://www.airbnb.com/rooms/1014492385273328803"", ""bookingCom"": ""https://booking.com/hotel/us/new-oasis-pool-by-tgh.en.html""}","{""airbnb2"": ""COMPLETED"", ""bookingCom"": ""COMPLETED"", ""googleVacationRentals"": ""DISCONNECTED"", ""homeToGo"": ""COMPLETED"", ""homeaway2"": ""FAILED"", ""homesVillasByMarriott"": ""COMPLETED"", ""plumGuide"": ""COMPLETED""}",1,Glam Homes: te comparto la propiedad The Palm | Oasis Pool | Pickleball | Basketball: https://theglamhomes.guestybookings.com/en/properties/65ab2eab7022d2000d9819bb?minOccupancy=1
67b0cebb3646da0010972d9c,Tropical Villa | Hot Tub | Pool | New Luxury,Scottsdale,Arizona,United States,16,5,4,9,House,700 USD,9.6,49,"https://assets.guesty.com/image/upload/h_200,c_fit/v1742780598/production/602d5790a06ff7002f994888/wd8exxguq3gmnuw2k4rw.jpg",https://theglamhomes.guestybookings.com/en/properties/67b0cebb3646da0010972d9c?minOccupancy=1,https://theglamhomes.guestybookings.com/es/properties/67b0cebb3646da0010972d9c?minOccupancy=1,https://www.airbnb.com/rooms/1341368571444903533,https://booking.com/hotel/us/new-tropical-vibe-villa-by-the-glam-homes.en.html,https://www.vrbo.com/4498368?dateless=true,,,https://www.google.com/travel/hotels/entity/CgsQxumE0Ore6aniARAC/overview?g2lb=43807868,"{""airbnb2"": ""https://www.airbnb.com/rooms/1341368571444903533"", ""bookingCom"": ""https://booking.com/hotel/us/new-tropical-vibe-villa-by-the-glam-homes.en.html"", ""googleVacationRentals"": ""https://www.google.com/travel/hotels/entity/CgsQxumE0Ore6aniARAC/overview?g2lb=43807868"", ""homeaway2"": ""https://www.vrbo.com/4498368?dateless=true"", ""plumGuide"": ""https://www.plumguide.com/homes/1310649/arizona-tropics""}","{""airbnb2"": ""COMPLETED"", ""bookingCom"": ""COMPLETED"", ""googleVacationRentals"": ""COMPLETED"", ""homeToGo"": ""COMPLETED"", ""homeaway2"": ""COMPLETED"", ""homesVillasByMarriott"": ""FAILED"", ""plumGuide"": ""COMPLETED""}",1,Glam Homes: te comparto la propiedad Tropical Villa | Hot Tub | Pool | New Luxury: https://theglamhomes.guestybookings.com/en/properties/67b0cebb3646da0010972d9c?minOccupancy=1
69a877b30ab4dc0053eb5c34,Unique Private Racing Track Villa in Miami•Cinema,Miami,Florida,United States of America,16,6,4,9,House,2500 USD,10,8,https://assets.guesty.com/image/upload/t_default_thumb/listing_images_s3/production/property-photos/37f38ed4543ed9919946748b5ae03485608699d9559fd0cc/69a877b30ab4dc0053eb5c34/cae061c4-f502-42-7RDrA,https://theglamhomes.guestybookings.com/en/properties/69a877b30ab4dc0053eb5c34?minOccupancy=1,https://theglamhomes.guestybookings.com/es/properties/69a877b30ab4dc0053eb5c34?minOccupancy=1,https://www.airbnb.com/rooms/1632804330822719339,https://booking.com/hotel/us/unique-private-racing-track-villa-in-miami-cinema.en.html,,,,,"{""airbnb2"": ""https://www.airbnb.com/rooms/1632804330822719339"", ""bookingCom"": ""https://booking.com/hotel/us/unique-private-racing-track-villa-in-miami-cinema.en.html""}","{""airbnb2"": ""COMPLETED"", ""bookingCom"": ""COMPLETED"", ""googleVacationRentals"": ""COMPLETED"", ""homesVillasByMarriott"": ""FAILED"", ""plumGuide"": ""FAILED""}",1,Glam Homes: te comparto la propiedad Unique Private Racing Track Villa in Miami•Cinema: https://theglamhomes.guestybookings.com/en/properties/69a877b30ab4dc0053eb5c34?minOccupancy=1
68b79dfe0591a400110b8ee6,Villa Amalfi | New Villa | Heated Pool | Jacuzzi,Hollywood,Florida,United States of America,8,4,3,,House,1200 USD,9.1,17,https://assets.guesty.com/image/upload/t_default_thumb/listing_images_s3/production/property-photos/37f38ed4543ed9919946748b5ae03485608699d9559fd0cc/68b79dfe0591a400110b8ee6/255981d2-3f2f-4e-i4Lgt,https://theglamhomes.guestybookings.com/en/properties/68b79dfe0591a400110b8ee6?minOccupancy=1,https://theglamhomes.guestybookings.com/es/properties/68b79dfe0591a400110b8ee6?minOccupancy=1,https://www.airbnb.com/rooms/1498234277723793325,https://booking.com/hotel/us/one-and-only-new-villa-heated-pool-jacuzzi.en.html,https://www.vrbo.com/4802850?dateless=true,,,,"{""airbnb2"": ""https://www.airbnb.com/rooms/1498234277723793325"", ""bookingCom"": ""https://booking.com/hotel/us/one-and-only-new-villa-heated-pool-jacuzzi.en.html"", ""homeaway2"": ""https://www.vrbo.com/4802850?dateless=true""}","{""airbnb2"": ""COMPLETED"", ""bookingCom"": ""COMPLETED"", ""googleVacationRentals"": ""FAILED"", ""homeToGo"": ""COMPLETED"", ""homeaway2"": ""COMPLETED"", ""homesVillasByMarriott"": ""FAILED"", ""plumGuide"": ""IN_PROGRESS""}",1,Glam Homes: te comparto la propiedad Villa Amalfi | New Villa | Heated Pool | Jacuzzi: https://theglamhomes.guestybookings.com/en/properties/68b79dfe0591a400110b8ee6?minOccupancy=1
62c46ede87ba3300328243c0,Villa Athena | Basketball | Giant Chess | Fire Pit,Miami,Florida,United States,16,4,3,9,Villa,750 USD,9.6,122,"https://assets.guesty.com/image/upload/c_fit,h_200/v1682441543/production/602d5790a06ff7002f994888/qcss7xfw8obout3iy8dm.jpg",https://theglamhomes.guestybookings.com/en/properties/62c46ede87ba3300328243c0?minOccupancy=1,https://theglamhomes.guestybookings.com/es/properties/62c46ede87ba3300328243c0?minOccupancy=1,https://www.airbnb.com/rooms/664373353975871905,https://booking.com/hotel/us/vibrant-villa-basketball-court-chess-fire-pit-tgh.en.html,https://www.vrbo.com/2906439?dateless=true,,,https://www.google.com/travel/hotels/entity/CgsQk8-A5emixtnFARAC/overview?g2lb=43807868,"{""airbnb2"": ""https://www.airbnb.com/rooms/664373353975871905"", ""bookingCom"": ""https://booking.com/hotel/us/vibrant-villa-basketball-court-chess-fire-pit-tgh.en.html"", ""googleVacationRentals"": ""https://www.google.com/travel/hotels/entity/CgsQk8-A5emixtnFARAC/overview?g2lb=43807868"", ""homeaway2"": ""https://www.vrbo.com/2906439?dateless=true""}","{""airbnb2"": ""COMPLETED"", ""bookingCom"": ""COMPLETED"", ""googleVacationRentals"": ""COMPLETED"", ""homeToGo"": ""COMPLETED"", ""homeaway2"": ""COMPLETED"", ""homesVillasByMarriott"": ""COMPLETED"", ""plumGuide"": ""COMPLETED""}",1,Glam Homes: te comparto la propiedad Villa Athena | Basketball | Giant Chess | Fire Pit: https://theglamhomes.guestybookings.com/en/properties/62c46ede87ba3300328243c0?minOccupancy=1
688ce3caaa43550012b26cf5,Villa Azul | Luxe Retreat | Heated Pool | Jacuzzi,Fort Lauderdale,Florida,United States of America,10,5,3,6,House,1600 USD,9,28,https://assets.guesty.com/image/upload/t_default_thumb/listing_images_s3/production/property-photos/37f38ed4543ed9919946748b5ae03485608699d9559fd0cc/688ce3caaa43550012b26cf5/b38832b0-be71-4f-mCGDG,https://theglamhomes.guestybookings.com/en/properties/688ce3caaa43550012b26cf5?minOccupancy=1,https://theglamhomes.guestybookings.com/es/properties/688ce3caaa43550012b26cf5?minOccupancy=1,https://www.airbnb.com/rooms/1472691124587052879,https://booking.com/hotel/us/villa-azul-luxe-retreat.en.html,,,,,"{""airbnb2"": ""https://www.airbnb.com/rooms/1472691124587052879"", ""bookingCom"": ""https://booking.com/hotel/us/villa-azul-luxe-retreat.en.html""}","{""airbnb2"": ""COMPLETED"", ""bookingCom"": ""COMPLETED"", ""googleVacationRentals"": ""FAILED"", ""homeToGo"": ""COMPLETED"", ""homesVillasByMarriott"": ""FAILED"", ""plumGuide"": ""IN_PROGRESS""}",1,Glam Homes: te comparto la propiedad Villa Azul | Luxe Retreat | Heated Pool | Jacuzzi: https://theglamhomes.guestybookings.com/en/properties/688ce3caaa43550012b26cf5?minOccupancy=1
62f55148f18ffd0034ffa558,Villa Azur | Fire Pit | Pool | Xbox & Game Room,North Miami Beach,Florida,United States,15,5,5,9,House,700 USD,9.7,99,"https://assets.guesty.com/image/upload/c_fit,h_200/v1669314940/production/602d5790a06ff7002f994888/k7ctblp6ov9fkybiw1or.jpg",https://theglamhomes.guestybookings.com/en/properties/62f55148f18ffd0034ffa558?minOccupancy=1,https://theglamhomes.guestybookings.com/es/properties/62f55148f18ffd0034ffa558?minOccupancy=1,https://www.airbnb.com/rooms/691278920068273235,https://booking.com/hotel/us/super-fun-villa-w-xbox-game-room-fire-pit-pool.en.html,https://www.vrbo.com/2958997?dateless=true,,,https://www.google.com/travel/hotels/entity/CgsQjrjak4PqkMndARAC/overview?g2lb=43807868,"{""airbnb2"": ""https://www.airbnb.com/rooms/691278920068273235"", ""bookingCom"": ""https://booking.com/hotel/us/super-fun-villa-w-xbox-game-room-fire-pit-pool.en.html"", ""googleVacationRentals"": ""https://www.google.com/travel/hotels/entity/CgsQjrjak4PqkMndARAC/overview?g2lb=43807868"", ""homeaway2"": ""https://www.vrbo.com/2958997?dateless=true""}","{""airbnb2"": ""COMPLETED"", ""bookingCom"": ""COMPLETED"", ""googleVacationRentals"": ""COMPLETED"", ""homeToGo"": ""COMPLETED"", ""homeaway2"": ""COMPLETED"", ""homesVillasByMarriott"": ""COMPLETED"", ""plumGuide"": ""IN_PROGRESS""}",1,Glam Homes: te comparto la propiedad Villa Azur | Fire Pit | Pool | Xbox & Game Room: https://theglamhomes.guestybookings.com/en/properties/62f55148f18ffd0034ffa558?minOccupancy=1
68b79e297f6dbf0013200045,Villa Bali | Jacuzzi | Pool | Game Room,Fort Lauderdale,Florida,United States of America,16,7,5,9,House,1500 USD,8.9,16,https://assets.guesty.com/image/upload/t_default_thumb/listing_images_s3/production/property-photos/37f38ed4543ed9919946748b5ae03485608699d9559fd0cc/68b79e297f6dbf0013200045/bfff4049-cf04-4f-_-hTd,https://theglamhomes.guestybookings.com/en/properties/68b79e297f6dbf0013200045?minOccupancy=1,https://theglamhomes.guestybookings.com/es/properties/68b79e297f6dbf0013200045?minOccupancy=1,https://www.airbnb.com/rooms/1498593840021974881,https://booking.com/hotel/us/new-construction-2-story-villa-jacuzzi-pool-luxury.en.html,https://www.vrbo.com/4802852?dateless=true,,,,"{""airbnb2"": ""https://www.airbnb.com/rooms/1498593840021974881"", ""bookingCom"": ""https://booking.com/hotel/us/new-construction-2-story-villa-jacuzzi-pool-luxury.en.html"", ""homeaway2"": ""https://www.vrbo.com/4802852?dateless=true"", ""plumGuide"": ""https://www.plumguide.com/homes/1392635/elevated-view-house""}","{""airbnb2"": ""COMPLETED"", ""bookingCom"": ""COMPLETED"", ""googleVacationRentals"": ""COMPLETED"", ""homeToGo"": ""COMPLETED"", ""homeaway2"": ""COMPLETED"", ""homesVillasByMarriott"": ""FAILED"", ""plumGuide"": ""IN_PROGRESS""}",1,Glam Homes: te comparto la propiedad Villa Bali | Jacuzzi | Pool | Game Room: https://theglamhomes.guestybookings.com/en/properties/68b79e297f6dbf0013200045?minOccupancy=1
68e143fd48183300139b1c94,Villa Beach Side | New 5BR Villa | Beach Walk | Jacuzzi Retreat,Pompano Beach,Florida,United States of America,10,5,4,,House,800 USD,8.4,12,https://assets.guesty.com/image/upload/t_default_thumb/listing_images_s3/production/property-photos/37f38ed4543ed9919946748b5ae03485608699d9559fd0cc/68e143fd48183300139b1c94/cef0324f-b395-4d-32giu,https://theglamhomes.guestybookings.com/en/properties/68e143fd48183300139b1c94?minOccupancy=1,https://theglamhomes.guestybookings.com/es/properties/68e143fd48183300139b1c94?minOccupancy=1,https://www.airbnb.com/rooms/1524199165647082671,https://booking.com/hotel/us/new-5br-villa-beach-walk-jacuzzi-retreat.en.html,https://www.vrbo.com/4884576?dateless=true,,,,"{""airbnb2"": ""https://www.airbnb.com/rooms/1524199165647082671"", ""bookingCom"": ""https://booking.com/hotel/us/new-5br-villa-beach-walk-jacuzzi-retreat.en.html"", ""homeaway2"": ""https://www.vrbo.com/4884576?dateless=true""}","{""airbnb2"": ""COMPLETED"", ""bookingCom"": ""COMPLETED"", ""googleVacationRentals"": ""COMPLETED"", ""homeaway2"": ""COMPLETED"", ""homesVillasByMarriott"": ""FAILED"", ""plumGuide"": ""IN_PROGRESS""}",1,Glam Homes: te comparto la propiedad Villa Beach Side | New 5BR Villa | Beach Walk | Jacuzzi Retreat: https://theglamhomes.guestybookings.com/en/properties/68e143fd48183300139b1c94?minOccupancy=1
638016140e5d140048a266a5,Villa Caicos | Outdoor Kitchen | Fire Pit | Pool,Hollywood,Florida,United States,12,4,3,6,House,700 USD,9.6,118,"https://assets.guesty.com/image/upload/c_fit,h_200/v1678898857/production/602d5790a06ff7002f994888/lnwek2mjmk0sh6qu5bov.jpg",https://theglamhomes.guestybookings.com/en/properties/638016140e5d140048a266a5?minOccupancy=1,https://theglamhomes.guestybookings.com/es/properties/638016140e5d140048a266a5?minOccupancy=1,https://www.airbnb.com/rooms/767575851163309348,https://booking.com/hotel/us/villa-caicos-outdoor-kitchen-fire-pit-and-pool.en.html,https://www.vrbo.com/3511167?dateless=true,,,,"{""airbnb2"": ""https://www.airbnb.com/rooms/767575851163309348"", ""bookingCom"": ""https://booking.com/hotel/us/villa-caicos-outdoor-kitchen-fire-pit-and-pool.en.html"", ""homeaway2"": ""https://www.vrbo.com/3511167?dateless=true""}","{""airbnb2"": ""COMPLETED"", ""bookingCom"": ""COMPLETED"", ""googleVacationRentals"": ""DISCONNECTED"", ""homeToGo"": ""COMPLETED"", ""homeaway2"": ""COMPLETED"", ""homesVillasByMarriott"": ""FAILED"", ""plumGuide"": ""IN_PROGRESS""}",1,Glam Homes: te comparto la propiedad Villa Caicos | Outdoor Kitchen | Fire Pit | Pool: https://theglamhomes.guestybookings.com/en/properties/638016140e5d140048a266a5?minOccupancy=1
6143bc7c27b3810031e5a24d,Villa Congo | 5 BR | Pool | Terrace TV | Fire Pit,Miami,Florida,United States,15,5,3,7,House,700 USD,9.6,154,https://assets.guesty.com/image/upload/t_default_thumb/v1778693710/production/602d5790a06ff7002f994888/mijlz8lsfbyvpvg6r13s.jpg,https://theglamhomes.guestybookings.com/en/properties/6143bc7c27b3810031e5a24d?minOccupancy=1,https://theglamhomes.guestybookings.com/es/properties/6143bc7c27b3810031e5a24d?minOccupancy=1,https://www.airbnb.com/rooms/52338243,https://booking.com/hotel/us/modern-5br-villa-pool-terrace-fire-pit-tgh.en.html,https://www.vrbo.com/2474149?dateless=true,,,,"{""airbnb2"": ""https://www.airbnb.com/rooms/52338243"", ""bookingCom"": ""https://booking.com/hotel/us/modern-5br-villa-pool-terrace-fire-pit-tgh.en.html"", ""homeaway2"": ""https://www.vrbo.com/2474149?dateless=true""}","{""airbnb2"": ""COMPLETED"", ""bookingCom"": ""COMPLETED"", ""googleVacationRentals"": ""DISCONNECTED"", ""homeToGo"": ""COMPLETED"", ""homeaway2"": ""COMPLETED"", ""homesVillasByMarriott"": ""COMPLETED"", ""plumGuide"": ""COMPLETED""}",1,Glam Homes: te comparto la propiedad Villa Congo | 5 BR | Pool | Terrace TV | Fire Pit: https://theglamhomes.guestybookings.com/en/properties/6143bc7c27b3810031e5a24d?minOccupancy=1
604bca36c32e8f0030f18fa0,Villa Dubai | 6 BR |Tennis | BKB | Soccer | Pool,Miami,Florida,United States,16,6,5,11,House,1000 USD,9.6,154,"https://assets.guesty.com/image/upload/h_200,c_fit/v1737079856/production/602d5790a06ff7002f994888/ihmyyhwtyhqjfm6kaijt.jpg",https://theglamhomes.guestybookings.com/en/properties/604bca36c32e8f0030f18fa0?minOccupancy=1,https://theglamhomes.guestybookings.com/es/properties/604bca36c32e8f0030f18fa0?minOccupancy=1,https://www.airbnb.com/rooms/48626350,https://booking.com/hotel/us/luxurious-retreat-with-tennis-and-soccer-courts-tgh.en.html,https://www.vrbo.com/2248410?dateless=true,,,https://www.google.com/travel/hotels/entity/CgsQ0bjQ_fn6r6j7ARAC/overview?g2lb=43807868,"{""airbnb2"": ""https://www.airbnb.com/rooms/48626350"", ""bookingCom"": ""https://booking.com/hotel/us/luxurious-retreat-with-tennis-and-soccer-courts-tgh.en.html"", ""googleVacationRentals"": ""https://www.google.com/travel/hotels/entity/CgsQ0bjQ_fn6r6j7ARAC/overview?g2lb=43807868"", ""homeaway2"": ""https://www.vrbo.com/2248410?dateless=true""}","{""airbnb2"": ""COMPLETED"", ""bookingCom"": ""COMPLETED"", ""googleVacationRentals"": ""COMPLETED"", ""homeToGo"": ""COMPLETED"", ""homeaway2"": ""COMPLETED"", ""homesVillasByMarriott"": ""COMPLETED"", ""plumGuide"": ""COMPLETED""}",1,Glam Homes: te comparto la propiedad Villa Dubai | 6 BR |Tennis | BKB | Soccer | Pool: https://theglamhomes.guestybookings.com/en/properties/604bca36c32e8f0030f18fa0?minOccupancy=1
633c771c4d03a60032371c69,Villa Il Palazzo | Two-Story | Cabana TV | BBQ,Biscayne Park,Florida,United States,16,5,3.5,9,House,1000 USD,9.5,144,"https://assets.guesty.com/image/upload/c_fit,h_200/v1681487345/production/602d5790a06ff7002f994888/g6ltposud6exmec3oi3p.jpg",https://theglamhomes.guestybookings.com/en/properties/633c771c4d03a60032371c69?minOccupancy=1,https://theglamhomes.guestybookings.com/es/properties/633c771c4d03a60032371c69?minOccupancy=1,https://www.airbnb.com/rooms/730384274574856046,https://booking.com/hotel/us/fascinating-luxe-two-level-villa-cabana-w-tv-amp-bbq.en.html,https://www.vrbo.com/3049732?adultsCount=3&unitId=3621779,,,https://www.google.com/travel/hotels/entity/CgsQjdrh69qKs7bMARAC/overview?g2lb=43807868,"{""airbnb2"": ""https://www.airbnb.com/rooms/730384274574856046"", ""bookingCom"": ""https://booking.com/hotel/us/fascinating-luxe-two-level-villa-cabana-w-tv-amp-bbq.en.html"", ""googleVacationRentals"": ""https://www.google.com/travel/hotels/entity/CgsQjdrh69qKs7bMARAC/overview?g2lb=43807868"", ""homeaway2"": ""https://www.vrbo.com/3049732?adultsCount=3&unitId=3621779""}","{""airbnb2"": ""COMPLETED"", ""bookingCom"": ""COMPLETED"", ""googleVacationRentals"": ""COMPLETED"", ""homeToGo"": ""COMPLETED"", ""homeaway2"": ""FAILED"", ""homesVillasByMarriott"": ""COMPLETED"", ""plumGuide"": ""COMPLETED""}",1,Glam Homes: te comparto la propiedad Villa Il Palazzo | Two-Story | Cabana TV | BBQ: https://theglamhomes.guestybookings.com/en/properties/633c771c4d03a60032371c69?minOccupancy=1
69a5d7f4e995f40014c9e2bf,Villa Luxe ꨄ︎Modern/Heated Pool ꨄ︎Covered Terrace,Miami,Florida,United States of America,15,5,3,,House,1500 USD,8,7,https://assets.guesty.com/image/upload/t_default_thumb/listing_images_s3/production/property-photos/37f38ed4543ed9919946748b5ae03485608699d9559fd0cc/69a5d7f4e995f40014c9e2bf/60b49e07-2d72-45-z4s3I,https://theglamhomes.guestybookings.com/en/properties/69a5d7f4e995f40014c9e2bf?minOccupancy=1,https://theglamhomes.guestybookings.com/es/properties/69a5d7f4e995f40014c9e2bf?minOccupancy=1,https://www.airbnb.com/rooms/1630790643252714774,https://booking.com/hotel/us/villa-luxe-modern-pool-covered-terrace.en.html,,,,,"{""airbnb2"": ""https://www.airbnb.com/rooms/1630790643252714774"", ""bookingCom"": ""https://booking.com/hotel/us/villa-luxe-modern-pool-covered-terrace.en.html""}","{""airbnb2"": ""COMPLETED"", ""bookingCom"": ""COMPLETED"", ""googleVacationRentals"": ""COMPLETED"", ""homesVillasByMarriott"": ""FAILED"", ""plumGuide"": ""FAILED""}",1,Glam Homes: te comparto la propiedad Villa Luxe ꨄ︎Modern/Heated Pool ꨄ︎Covered Terrace: https://theglamhomes.guestybookings.com/en/properties/69a5d7f4e995f40014c9e2bf?minOccupancy=1
62a292ab79003200355a8ea7,Villa Oahu | Basketball | Fire Pit | Mini Golf,Miami,Florida,United States,16,4,3,9,House,700 USD,9.4,124,"https://assets.guesty.com/image/upload/c_fit,h_200/v1654906555/production/602d5790a06ff7002f994888/bs3bzhunmiwvsudfnlmy.jpg",https://theglamhomes.guestybookings.com/en/properties/62a292ab79003200355a8ea7?minOccupancy=1,https://theglamhomes.guestybookings.com/es/properties/62a292ab79003200355a8ea7?minOccupancy=1,https://www.airbnb.com/rooms/645797436562002865,https://booking.com/hotel/us/cool-villa-w-a-big-bkb-court-fire-pit-mini-golf.en.html,https://www.vrbo.com/2855671?dateless=true,,,https://www.google.com/travel/hotels/entity/CgsQ1oK75p39sPKtARAC/overview?g2lb=43807868,"{""airbnb2"": ""https://www.airbnb.com/rooms/645797436562002865"", ""bookingCom"": ""https://booking.com/hotel/us/cool-villa-w-a-big-bkb-court-fire-pit-mini-golf.en.html"", ""googleVacationRentals"": ""https://www.google.com/travel/hotels/entity/CgsQ1oK75p39sPKtARAC/overview?g2lb=43807868"", ""homeaway2"": ""https://www.vrbo.com/2855671?dateless=true""}","{""airbnb2"": ""COMPLETED"", ""bookingCom"": ""COMPLETED"", ""googleVacationRentals"": ""COMPLETED"", ""homeToGo"": ""COMPLETED"", ""homeaway2"": ""COMPLETED"", ""homesVillasByMarriott"": ""COMPLETED"", ""plumGuide"": ""COMPLETED""}",1,Glam Homes: te comparto la propiedad Villa Oahu | Basketball | Fire Pit | Mini Golf: https://theglamhomes.guestybookings.com/en/properties/62a292ab79003200355a8ea7?minOccupancy=1
60492ba5947e4c002f480556,Villa Santorini | Lakefront | Kayak | Private Deck,Miami,Florida,United States,16,6,4,9,House,750 USD,9.6,111,https://assets.guesty.com/image/upload/t_default_thumb/v1778698823/production/602d5790a06ff7002f994888/glsusrgab88rtrqiqgty.jpg,https://theglamhomes.guestybookings.com/en/properties/60492ba5947e4c002f480556?minOccupancy=1,https://theglamhomes.guestybookings.com/es/properties/60492ba5947e4c002f480556?minOccupancy=1,https://www.airbnb.com/rooms/48591409,,https://www.vrbo.com/2248409?dateless=true,,,https://www.google.com/travel/hotels/entity/CgsQj_CKlcKe3sSaARAC/overview?g2lb=43807868,"{""airbnb2"": ""https://www.airbnb.com/rooms/48591409"", ""googleVacationRentals"": ""https://www.google.com/travel/hotels/entity/CgsQj_CKlcKe3sSaARAC/overview?g2lb=43807868"", ""homeaway2"": ""https://www.vrbo.com/2248409?dateless=true""}","{""airbnb2"": ""COMPLETED"", ""googleVacationRentals"": ""COMPLETED"", ""homeToGo"": ""COMPLETED"", ""homeaway2"": ""COMPLETED"", ""homesVillasByMarriott"": ""COMPLETED"", ""plumGuide"": ""COMPLETED""}",1,Glam Homes: te comparto la propiedad Villa Santorini | Lakefront | Kayak | Private Deck: https://theglamhomes.guestybookings.com/en/properties/60492ba5947e4c002f480556?minOccupancy=1
693718a50a69760015bee6ba,Villa Solara | Pool · Cinema · Basketball Court,Miami,Florida,United States of America,14,4,4,,House,1450 USD,9.8,19,https://assets.guesty.com/image/upload/t_default_thumb/v1779228303/production/602d5790a06ff7002f994888/fs7ggebdb6ximhkel5wf.jpg,https://theglamhomes.guestybookings.com/en/properties/693718a50a69760015bee6ba?minOccupancy=1,https://theglamhomes.guestybookings.com/es/properties/693718a50a69760015bee6ba?minOccupancy=1,https://www.airbnb.com/rooms/1571783003578463654,https://booking.com/hotel/us/villa-mayami-modern-living-pool-gym-bsk-crt.en.html,https://www.vrbo.com/4990883?dateless=true,,,,"{""airbnb2"": ""https://www.airbnb.com/rooms/1571783003578463654"", ""bookingCom"": ""https://booking.com/hotel/us/villa-mayami-modern-living-pool-gym-bsk-crt.en.html"", ""homeaway2"": ""https://www.vrbo.com/4990883?dateless=true""}","{""airbnb2"": ""COMPLETED"", ""bookingCom"": ""COMPLETED"", ""googleVacationRentals"": ""COMPLETED"", ""homeaway2"": ""COMPLETED"", ""homesVillasByMarriott"": ""FAILED"", ""plumGuide"": ""IN_PROGRESS""}",1,Glam Homes: te comparto la propiedad Villa Solara | Pool · Cinema · Basketball Court: https://theglamhomes.guestybookings.com/en/properties/693718a50a69760015bee6ba?minOccupancy=1
68727f062192b8000f72b9e4,Villa Venecia | Sand Terrace | Heated Pool | Waterfront,Miami,Florida,United States of America,16,5,4,,House,1350 USD,9.2,37,https://assets.guesty.com/image/upload/t_default_thumb/listing_images_s3/production/property-photos/37f38ed4543ed9919946748b5ae03485608699d9559fd0cc/68727f062192b8000f72b9e4/9e977aec-2592-4a-8uJ3S,https://theglamhomes.guestybookings.com/en/properties/68727f062192b8000f72b9e4?minOccupancy=1,https://theglamhomes.guestybookings.com/es/properties/68727f062192b8000f72b9e4?minOccupancy=1,https://www.airbnb.com/rooms/1462563033099452769,https://booking.com/hotel/us/new-oasis-waterfront-amp-sand-terrace-thg.en.html,https://www.vrbo.com/4694918?dateless=true,,,https://www.google.com/travel/hotels/entity/CgsQ-rLXie6XrM2HARAC/overview?g2lb=43807868,"{""airbnb2"": ""https://www.airbnb.com/rooms/1462563033099452769"", ""bookingCom"": ""https://booking.com/hotel/us/new-oasis-waterfront-amp-sand-terrace-thg.en.html"", ""googleVacationRentals"": ""https://www.google.com/travel/hotels/entity/CgsQ-rLXie6XrM2HARAC/overview?g2lb=43807868"", ""homeaway2"": ""https://www.vrbo.com/4694918?dateless=true""}","{""airbnb2"": ""COMPLETED"", ""bookingCom"": ""COMPLETED"", ""googleVacationRentals"": ""COMPLETED"", ""homeToGo"": ""COMPLETED"", ""homeaway2"": ""COMPLETED"", ""homesVillasByMarriott"": ""FAILED"", ""plumGuide"": ""COMPLETED""}",1,Glam Homes: te comparto la propiedad Villa Venecia | Sand Terrace | Heated Pool | Waterfront: https://theglamhomes.guestybookings.com/en/properties/68727f062192b8000f72b9e4?minOccupancy=1
66d934e7ae952100135e1610,Waterfall Villa | Multi Court •Watersilde •Cinema,Plantation,Florida,United States of America,8,5,4.5,9,Villa,750 USD,9.3,68,https://guesty-listing-images.s3.amazonaws.com/production/thumbnail_1238688948020406781_1987787322.jpg,https://theglamhomes.guestybookings.com/en/properties/66d934e7ae952100135e1610?minOccupancy=1,https://theglamhomes.guestybookings.com/es/properties/66d934e7ae952100135e1610?minOccupancy=1,https://www.airbnb.com/rooms/1238688948020406781,https://booking.com/hotel/us/embracevilla-waterslide-multi-court-amp-cinema.en.html,https://www.vrbo.com/4187288?dateless=true,,,https://www.google.com/travel/hotels/entity/CgoQ7YSJ45P44K52EAI=/overview?g2lb=43807868,"{""airbnb2"": ""https://www.airbnb.com/rooms/1238688948020406781"", ""bookingCom"": ""https://booking.com/hotel/us/embracevilla-waterslide-multi-court-amp-cinema.en.html"", ""googleVacationRentals"": ""https://www.google.com/travel/hotels/entity/CgoQ7YSJ45P44K52EAI=/overview?g2lb=43807868"", ""homeaway2"": ""https://www.vrbo.com/4187288?dateless=true""}","{""airbnb2"": ""COMPLETED"", ""bookingCom"": ""COMPLETED"", ""googleVacationRentals"": ""DISCONNECTED"", ""homeToGo"": ""COMPLETED"", ""homeaway2"": ""COMPLETED"", ""homesVillasByMarriott"": ""FAILED"", ""plumGuide"": ""IN_PROGRESS""}",1,Glam Homes: te comparto la propiedad Waterfall Villa | Multi Court •Watersilde •Cinema: https://theglamhomes.guestybookings.com/en/properties/66d934e7ae952100135e1610?minOccupancy=1
